Timestamp,Model,Num_Replicas,Tensor_Parallel,Pipeline_Parallel,Max_Batch_Tokens,Max_Num_Seqs,Concurrency,QPS,Max_Tokens,Temperature,Top_P,Total_Gen_Avg,Total_Gen_P50,Total_Gen_P90,Total_Gen_P99,First_Token_Avg,First_Token_P50,First_Token_P90,First_Token_P99,Inter_Token_Avg,Inter_Token_P50,Inter_Token_P90,Inter_Token_P99,Schedule_Delay_Avg,Schedule_Delay_P50,Schedule_Delay_P90,Schedule_Delay_P99,E2E_Latency_Avg,E2E_Latency_P50,E2E_Latency_P90,E2E_Latency_P99,Throughput,Total_Requests,Total_Input_Tokens,Total_Output_Tokens
run_20250815_184358,Qwen/Qwen2.5-1.5B,1,1,1,512,512,8,8.0,3,0.7,0.9,40.02641121546427,37.62078285217285,47.907209396362305,58.80707502365112,15.925008455912272,13.691306114196777,23.399257659912113,32.7654457092285,12.048768599828085,11.909961700439453,12.758541107177734,13.75659704208374,0.924688975016276,0.9393692016601562,1.2512683868408208,1.529543399810791,40.95110019048055,38.622498512268066,48.59788417816162,59.3496561050415,24.59069627364019,300,90561,900
run_20250815_184457,Qwen/Qwen2.5-1.5B,2,1,1,512,512,8,8.0,3,0.7,0.9,42.02733039855957,41.17715358734131,47.85780906677246,57.44193792343138,17.565159797668457,16.65937900543213,22.995162010192875,33.19272041320799,12.22932775815328,12.122392654418945,12.482166290283203,14.203810691833485,0.8829387029012045,0.8341073989868164,1.26953125,1.5768194198608392,42.91026910146078,41.968584060668945,48.68035316467285,58.70839357376097,24.552108265996726,300,90561,900
run_20250815_184558,Qwen/Qwen2.5-1.5B,4,1,1,512,512,8,8.0,3,0.7,0.9,42.13496605555216,41.42940044403076,48.394060134887695,59.25363302230832,17.763270537058514,17.103075981140137,23.481464385986328,32.10698843002318,12.184140682220459,12.074947357177734,12.508416175842285,15.144236087799069,0.8277050654093424,0.7829666137695312,1.1568307876586916,1.5812063217163086,42.96267112096151,42.203545570373535,49.20847415924072,59.929540157318094,23.403858180650047,300,90561,900
run_20250815_184701,Qwen/Qwen2.5-1.5B,8,1,1,512,512,8,8.0,3,0.7,0.9,45.080718199412026,43.591856956481934,51.688957214355476,71.72202110290525,19.043762683868408,17.663002014160156,26.17883682250977,38.267886638641315,13.016699949900309,12.853026390075684,13.290643692016602,17.334058284759475,0.8277670542399088,0.7613897323608398,1.1248111724853516,1.5417051315307604,45.90848525365194,44.27480697631836,52.56617069244385,73.14345359802243,23.591698795615567,300,90561,900
run_20250815_184806,Qwen/Qwen2.5-1.5B,1,2,1,512,512,8,8.0,3,0.7,0.9,57.650275230407715,54.430246353149414,70.93181610107422,98.0220365524292,26.072120666503906,23.549199104309082,37.59546279907227,60.41791200637814,15.786980787913004,14.714837074279785,18.242478370666504,29.2478084564209,0.9829894701639811,1.0117292404174805,1.299452781677246,1.567778587341308,58.633264700571694,55.52256107330322,71.79017066955566,98.66873025894165,25.29555207280331,300,90561,900
run_20250815_184908,Qwen/Qwen2.5-1.5B,2,2,1,512,512,8,8.0,3,0.7,0.9,61.72449747721354,59.88454818725586,71.33195400238039,93.68042469024658,29.868086179097492,28.2747745513916,38.860654830932624,56.02708101272577,15.926610628763834,15.39623737335205,16.69161319732666,25.940346717834473,0.8085878690083822,0.7697343826293945,1.0739326477050781,1.4350438117980946,62.533085346221924,60.701847076416016,72.15285301208496,94.71452474594116,23.94083989001949,300,90561,900
run_20250815_185013,Qwen/Qwen2.5-1.5B,4,2,1,512,512,8,8.0,3,0.7,0.9,64.48145866394043,58.770060539245605,72.74339199066164,185.94460725784194,32.21586227416992,27.652740478515625,40.74416160583496,150.45630455016988,16.13123933474223,15.44344425201416,16.879653930664062,29.08296346664428,0.8104483286539713,0.7467269897460938,1.0880708694458008,1.4799356460571278,65.2919069925944,59.54265594482422,73.49565029144287,187.65084505081072,22.761583662544485,300,90561,900
run_20250815_185123,Qwen/Qwen2.5-1.5B,1,4,1,512,512,8,8.0,3,0.7,0.9,59.448440869649254,57.414889335632324,71.2419986724854,95.02861022949213,27.360187371571858,24.96814727783203,37.57529258728028,52.38425970077514,16.0426922639211,14.699459075927734,19.638895988464355,31.61950588226318,0.7023946444193522,0.6750822067260742,0.8744239807128907,1.0839319229125977,60.1508355140686,58.08079242706299,71.80337905883793,95.74414968490595,23.4303015524956,300,90561,900
run_20250815_185229,Qwen/Qwen2.5-1.5B,2,4,1,512,512,8,8.0,3,0.7,0.9,64.21976168950398,61.065077781677246,75.43172836303711,99.15401697158745,31.62301778793335,29.08933162689209,42.13695526123048,62.901124954223086,16.296897729237873,15.38538932800293,17.500638961792006,30.415544509887695,0.7370050748189291,0.7098913192749023,0.9464740753173828,1.2747430801391595,64.95676676432292,61.9431734085083,76.25396251678467,99.77955102920464,21.953668036482018,300,90561,900
run_20250820_070945,meta-llama/Meta-Llama-3-8B,1,1,1,512,512,8,8.0,3,0.7,0.9,97.1768045425415,93.60730648040771,121.93522453308108,148.02241563796989,45.28719584147135,40.15505313873291,64.27781581878665,98.29895496368407,25.94270348548889,22.985339164733887,34.69371795654297,42.239556312561035,0.8109760284423828,0.8169412612915039,1.1449098587036133,1.3639593124389646,97.98778057098389,94.32709217071533,122.53570556640628,148.5890555381774,23.50994897486089,300,94752,900
run_20250820_071049,meta-llama/Meta-Llama-3-8B,2,1,1,512,512,8,8.0,3,0.7,0.9,102.29631423950195,98.68276119232178,122.26772308349611,161.89930200576774,51.01811647415161,48.99787902832031,68.3469295501709,92.36034870147705,25.63730796178182,23.212790489196777,34.10775661468506,46.65986537933349,0.7992140452067057,0.7978677749633789,1.0953903198242188,1.3220834732055662,103.09552828470866,99.3947982788086,123.21946620941164,163.04559707641593,25.18872387767137,300,94752,900
run_20250820_071151,meta-llama/Meta-Llama-3-8B,4,1,1,512,512,8,8.0,3,0.7,0.9,99.4558318456014,98.31750392913818,117.50979423522949,135.52125930786124,49.93673404057821,48.74372482299805,67.46928691864014,84.24270868301389,24.757691621780396,23.413777351379395,29.842042922973636,40.13585805892944,0.7861614227294922,0.7841587066650391,1.0648250579833987,1.5025138854980467,100.24199326833089,98.89340400695801,118.04161071777345,136.18897676467887,21.963920181669756,300,94752,900
run_20250820_071259,meta-llama/Meta-Llama-3-8B,8,1,1,512,512,8,8.0,3,0.7,0.9,103.94909620285034,102.63681411743164,121.15547657012942,148.85158538818357,52.35849618911743,51.33473873138428,68.87476444244386,82.63056039810179,25.79340100288391,24.00195598602295,33.73520374298096,44.10753011703491,0.6866693496704102,0.6403923034667969,0.9540557861328125,1.2410926818847654,104.63576555252075,103.27470302581787,122.06120491027833,149.66978073120114,25.80853758984614,300,94752,900
run_20250820_071404,meta-llama/Meta-Llama-3-8B,1,2,1,512,512,8,8.0,3,0.7,0.9,188.34608713785806,172.7832555770874,310.87367534637457,395.1941394805908,104.27194913228352,80.81603050231934,188.57557773590088,263.9107918739318,42.03521132469177,18.81122589111328,88.46089839935303,89.45446968078613,0.7917602856953939,0.786900520324707,1.0643243789672852,1.3113117218017578,189.13784742355347,173.75564575195312,311.80133819580084,396.2575435638428,26.775682783713545,300,94752,900
run_20250820_071507,meta-llama/Meta-Llama-3-8B,2,2,1,512,512,8,8.0,3,0.7,0.9,136.44453207651773,122.21002578735352,197.9804515838623,264.4743204116821,86.05608940124512,75.4554271697998,124.43091869354248,193.6394214630126,25.1922603448232,17.580032348632812,56.524467468261726,82.23946571350098,0.8274094263712565,0.8296966552734375,1.1079788208007812,1.4064955711364746,137.271941502889,123.12555313110352,198.83041381835938,265.3628230094909,23.2882122197028,300,94752,900
run_20250820_071616,meta-llama/Meta-Llama-3-8B,4,2,1,512,512,8,8.0,3,0.7,0.9,144.3421459197998,140.6461000442505,199.522066116333,272.2346591949463,91.9096851348877,81.66491985321045,135.04741191864014,188.98377180099482,26.214797894159954,18.287062644958496,55.9016227722168,87.13091135025024,0.6527996063232422,0.620722770690918,0.8472919464111329,1.108283996582031,144.99494552612305,141.35241508483887,200.52943229675293,272.91781663894653,22.245772964182514,300,94752,900
run_20250820_071729,meta-llama/Meta-Llama-3-8B,1,4,1,512,512,8,8.0,3,0.7,0.9,178.69083484013876,159.01052951812744,307.4793338775636,454.3313908576965,106.2305196126302,79.24520969390869,193.1860685348511,293.66150379180897,36.228344440460205,18.25416088104248,89.70489501953125,90.42142868041992,0.7786862055460612,0.7767677307128906,1.052045822143555,1.3430237770080566,179.46952104568481,160.0562334060669,308.492660522461,455.04383325576777,23.590420069117013,300,94752,900
run_20250820_071836,meta-llama/Meta-Llama-3-8B,2,4,1,512,512,8,8.0,3,0.7,0.9,157.4113933245341,145.13802528381348,247.72727489471436,329.67245101928705,97.59050766626994,83.78922939300537,157.52339363098147,233.29886913299546,29.908725420633953,17.5858736038208,67.15810298919678,94.5021653175354,0.7695937156677246,0.7376670837402344,1.0558843612670898,1.3766169548034664,158.1809870402018,145.8914279937744,248.63708019256592,330.6526851654052,23.470036965483924,300,94752,900
run_20250820_071945,meta-llama/Meta-Llama-3-8B,1,8,1,512,512,8,8.0,3,0.7,0.9,544.4163767496744,508.4402561187744,1000.3231048583986,1214.671010971069,335.0061337153117,284.263014793396,698.8600492477418,902.6269769668577,104.70376054445903,154.17838096618652,156.1924934387207,157.01762199401855,0.6436824798583984,0.6062984466552734,0.8652687072753907,1.109044551849365,545.0600592295328,509.01317596435547,1000.8574724197389,1215.2236080169675,24.59193306362465,300,94752,900
